{
  "friends": [
    {
      "accountId": "ElektroWater",
      "groups": [],
      "mutual": 0,
      "alias": "",
      "note": "",
      "favorite": false,
      "created": "2022-07-08T23:23:55.157Z"
    },
    {
      "accountId": "suizyzi",
      "groups": [],
      "mutual": 0,
      "alias": "",
      "note": "",
      "favorite": false,
      "created": "2022-07-26T17:15:29.194Z"
    },
    {
      "accountId": "Dev_ElektroWater",
      "groups": [],
      "mutual": 0,
      "alias": "",
      "note": "",
      "favorite": false,
      "created": "2022-08-01T13:06:45.377Z"
    }
  ],
  "incoming": [],
  "outgoing": [],
  "suggested": [],
  "blocklist": [],
  "settings": {
    "acceptInvites": "public"
  }
}